2026-03-19,"206.00* as of Dec 3, 2025"
2026-03-19,"206.00* as of Dec 3, 2025"
2026-03-19,"206.00* as of Dec 3, 2025"
2026-03-23,"206.00* as of Dec 3, 2025"
2026-03-24,"206.00* as of Dec 3, 2025"
2026-03-25,"206.00* as of Dec 3, 2025"
2026-03-26,"206.00* as of Dec 3, 2025"
2026-03-27,"206.00* as of Dec 3, 2025"
2026-03-27,"206.00* as of Dec 3, 2025"
2026-03-27,"206.00* as of Dec 3, 2025"
2026-03-30,"206.00* as of Dec 3, 2025"
2026-03-31,"206.00* as of Dec 3, 2025"
2026-04-01,"206.00* as of Dec 3, 2025"
2026-04-01,"206.00* as of Dec 3, 2025"
2026-04-01,"206.00* as of Dec 3, 2025"
2026-04-01,"206.00* as of Dec 3, 2025"
2026-04-01,"206.00* as of Dec 3, 2025"
2026-04-06,"206.00* as of Dec 3, 2025"
2026-04-07,"206.00* as of Dec 3, 2025"
2026-04-08,"206.00* as of Dec 3, 2025"
