2026-03-19,"160.26* as of Oct 23, 2025"
2026-03-19,"160.26* as of Oct 23, 2025"
2026-03-19,"160.26* as of Oct 23, 2025"
2026-03-23,"160.26* as of Oct 23, 2025"
2026-03-24,"160.26* as of Oct 23, 2025"
2026-03-25,"160.26* as of Oct 23, 2025"
2026-03-26,"160.26* as of Oct 23, 2025"
2026-03-27,"160.26* as of Oct 23, 2025"
2026-03-27,"160.26* as of Oct 23, 2025"
2026-03-27,"160.26* as of Oct 23, 2025"
2026-03-30,"160.26* as of Oct 23, 2025"
2026-03-31,"160.26* as of Oct 23, 2025"
2026-04-01,"160.26* as of Oct 23, 2025"
2026-04-01,"160.26* as of Oct 23, 2025"
2026-04-01,"160.26* as of Oct 23, 2025"
2026-04-01,"160.26* as of Oct 23, 2025"
2026-04-01,"160.26* as of Oct 23, 2025"
2026-04-06,"160.26* as of Oct 23, 2025"
2026-04-07,"160.26* as of Oct 23, 2025"
