2026-03-19,"394.15* as of Dec 3, 2025"
2026-03-19,"394.15* as of Dec 3, 2025"
2026-03-19,"394.15* as of Dec 3, 2025"
2026-03-23,"394.15* as of Dec 3, 2025"
2026-03-24,"394.15* as of Dec 3, 2025"
2026-03-25,"394.15* as of Dec 3, 2025"
2026-03-26,"394.15* as of Dec 3, 2025"
2026-03-27,"394.15* as of Dec 3, 2025"
2026-03-27,"394.15* as of Dec 3, 2025"
2026-03-27,"394.15* as of Dec 3, 2025"
2026-03-30,"394.15* as of Dec 3, 2025"
2026-03-31,"394.15* as of Dec 3, 2025"
2026-04-01,"394.15* as of Dec 3, 2025"
2026-04-01,"394.15* as of Dec 3, 2025"
2026-04-01,"394.15* as of Dec 3, 2025"
2026-04-01,"394.15* as of Dec 3, 2025"
2026-04-01,"394.15* as of Dec 3, 2025"
2026-04-06,"394.15* as of Dec 3, 2025"
2026-04-07,"394.15* as of Dec 3, 2025"
2026-04-08,"394.15* as of Dec 3, 2025"
2026-04-08,"394.15* as of Dec 3, 2025"
